Country,News Agency,Total articles downloaded,Total historical data
Australia,Just In,25,Since 2023
Brazil,g1,110,Since 2023
China,XINHUANEWS,20,Since 2023
France,"France 24 - International breaking news, top stories and headlines",24,Since 2023
India,India News | Latest India News Headlines Today and Live Updates from India - Times of India,2,Since 2023
Italy,Primo piano ANSA - ANSA.it,29,Since 2023
Japan,NHKニュース,7,Since 2023
Malaysia,The Star : Latest 10 Articles Feed,23,Since 2023
Mexico,Mexico News Daily,10,Since 2023
Russia,TASS,103,Since 2023
Singapore,The Straits Times Singapore News,64,Since 2023
South Korea,Korea Times News,82,Since 2023
UK,"BBC News, The Guardian",75,Since 2023
US,CNN.com - RSS Channel - App International Edition,50,Since 2023
